{
  "deepseek": {
    "total_samples": 4779,
    "compilation": {
      "compiles": 3986,
      "errors": 793,
      "success_rate": 83.40657041222013,
      "error_rate": 16.593429587779866,
      "error_types": {
        "Line 70": 12,
        "Line 64": 9,
        "Line 118": 7,
        "Line 57": 12,
        "Line 97": 10,
        "Line 94": 5,
        "Line 91": 11,
        "Line 137": 3,
        "Line 79": 11,
        "Line 63": 15,
        "Line 78": 8,
        "Line 53": 9,
        "Line 141": 1,
        "Line 66": 17,
        "Line 101": 6,
        "Line 3": 16,
        "Line 73": 9,
        "Line 107": 6,
        "Line 52": 11,
        "Line 105": 9,
        "Line 93": 13,
        "Line 128": 3,
        "Line 127": 4,
        "Line 59": 18,
        "Line 5": 4,
        "Line 69": 14,
        "Line 99": 11,
        "Line 58": 13,
        "Line 55": 15,
        "Line 49": 16,
        "Line 61": 8,
        "Line 65": 13,
        "Line 74": 7,
        "Line 62": 12,
        "Line 106": 7,
        "Line 157": 1,
        "Line 126": 5,
        "Line 16": 1,
        "Line 67": 11,
        "Line 41": 4,
        "Line 68": 10,
        "Line 129": 5,
        "Line 117": 5,
        "Line 163": 1,
        "Line 80": 10,
        "Line 140": 4,
        "Line 108": 3,
        "Line 86": 8,
        "Line 132": 3,
        "Line 102": 6,
        "Line 43": 6,
        "Line 50": 9,
        "Line 51": 9,
        "Line 123": 5,
        "Line 83": 12,
        "Line 103": 10,
        "Line 111": 6,
        "Line 87": 11,
        "Line 145": 1,
        "Line 85": 8,
        "Line 56": 10,
        "Line 48": 6,
        "Line 122": 4,
        "Line 88": 5,
        "Line 114": 2,
        "Line 39": 2,
        "Line 115": 4,
        "Line 125": 3,
        "Line 60": 13,
        "Line 98": 10,
        "Line 46": 5,
        "Line 100": 13,
        "Line 40": 5,
        "Line 110": 2,
        "Line 44": 7,
        "Line 81": 11,
        "Line 92": 6,
        "Line 82": 6,
        "Line 89": 8,
        "Line 135": 2,
        "Line 112": 7,
        "Line 113": 8,
        "Line 124": 7,
        "Line 119": 3,
        "Line 120": 5,
        "Line 116": 3,
        "Line 77": 8,
        "Line 76": 6,
        "Line 75": 11,
        "Line 170": 2,
        "Line 54": 9,
        "Line 45": 5,
        "Line 84": 2,
        "Line 71": 9,
        "Line 95": 9,
        "Line 96": 5,
        "Line 35": 2,
        "Line 8": 3,
        "Line 32": 1,
        "Line 184": 1,
        "Line 72": 8,
        "Line 150": 1,
        "Line 2": 1,
        "Line 90": 5,
        "Line 121": 3,
        "Line 171": 1,
        "Line 143": 3,
        "Line 147": 3,
        "Line 144": 2,
        "Line 36": 1,
        "Line 104": 5,
        "Line 47": 5,
        "Line 42": 4,
        "Line 7": 1,
        "Line 149": 2,
        "Line 13": 2,
        "Line 27": 1,
        "Line 139": 2,
        "Line 37": 1,
        "Line 133": 2,
        "Line 262": 1,
        "Line 160": 1,
        "Line 208": 1,
        "Line 10": 1,
        "Line 155": 1,
        "Line 169": 1,
        "Line 38": 1,
        "Line 134": 1,
        "Line 130": 1,
        "Line 179": 1,
        "Line 183": 1
      }
    },
    "semantic": {
      "compiling_samples": 3986,
      "errors": 3629,
      "produces_output": 357,
      "error_rate": 91.04365278474661,
      "output_rate": 8.956347215253386,
      "tests_passed_total": 1399,
      "tests_total": 9790,
      "test_pass_rate": 14.290091930541369
    },
    "security": {
      "issues_count": 178,
      "issue_rate": 3.724628583385645,
      "by_severity": {
        "low": 177,
        "medium": 1
      }
    }
  },
  "codellama": {
    "total_samples": 4779,
    "compilation": {
      "compiles": 2338,
      "errors": 2441,
      "success_rate": 48.92236869638,
      "error_rate": 51.07763130362,
      "error_types": {
        "Line 118": 19,
        "Line 99": 43,
        "Line 104": 38,
        "Line 110": 30,
        "Line 77": 29,
        "Line 66": 23,
        "Line 76": 35,
        "Line 38": 2,
        "Line 80": 35,
        "Line 107": 32,
        "Line 143": 3,
        "Line 116": 27,
        "Line 108": 21,
        "Line 57": 15,
        "Line 119": 27,
        "Line 67": 20,
        "Line 93": 46,
        "Line 26": 1,
        "Line 98": 23,
        "Line 85": 34,
        "Line 73": 37,
        "Line 125": 24,
        "Line 82": 41,
        "Line 90": 30,
        "Line 134": 14,
        "Line 84": 32,
        "Line 65": 26,
        "Line 86": 29,
        "Line 103": 37,
        "Line 68": 34,
        "Line 150": 3,
        "Line 132": 11,
        "Line 3": 10,
        "Line 74": 35,
        "Line 122": 17,
        "Line 95": 30,
        "Line 64": 26,
        "Line 83": 37,
        "Line 97": 29,
        "Line 126": 14,
        "Line 94": 47,
        "Line 130": 11,
        "Line 113": 29,
        "Line 71": 25,
        "Line 114": 31,
        "Line 100": 37,
        "Line 87": 33,
        "Line 81": 23,
        "Line 46": 6,
        "Line 115": 22,
        "Line 102": 40,
        "Line 109": 33,
        "Line 117": 23,
        "Line 88": 42,
        "Line 129": 14,
        "Line 78": 21,
        "Line 124": 21,
        "Line 5": 2,
        "Line 92": 43,
        "Line 61": 22,
        "Line 60": 17,
        "Line 72": 25,
        "Line 44": 5,
        "Line 70": 32,
        "Line 131": 11,
        "Line 79": 37,
        "Line 69": 27,
        "Line 142": 7,
        "Line 112": 30,
        "Line 128": 14,
        "Line 56": 15,
        "Line 53": 12,
        "Line 156": 1,
        "Line 91": 37,
        "Line 89": 38,
        "Line 16": 1,
        "Line 62": 24,
        "Line 106": 37,
        "Line 45": 8,
        "Line 75": 29,
        "Line 121": 29,
        "Line 39": 3,
        "Line 55": 11,
        "Line 50": 7,
        "Line 31": 2,
        "Line 101": 38,
        "Line 153": 2,
        "Line 133": 13,
        "Line 54": 8,
        "Line 123": 15,
        "Line 127": 8,
        "Line 158": 5,
        "Line 144": 4,
        "Line 163": 5,
        "Line 172": 1,
        "Line 58": 14,
        "Line 63": 20,
        "Line 139": 8,
        "Line 59": 18,
        "Line 96": 23,
        "Line 146": 9,
        "Line 111": 32,
        "Line 52": 10,
        "Line 36": 2,
        "Line 141": 5,
        "Line 105": 26,
        "Line 140": 6,
        "Line 120": 26,
        "Line 135": 10,
        "Line 149": 1,
        "Line 49": 12,
        "Line 179": 1,
        "Line 41": 3,
        "Line 136": 12,
        "Line 51": 9,
        "Line 203": 1,
        "Line 145": 5,
        "Line 48": 4,
        "Line 138": 8,
        "Line 170": 2,
        "Line 168": 2,
        "Line 29": 1,
        "Line 151": 4,
        "Line 147": 6,
        "Line 166": 2,
        "Line 2": 1,
        "Line 155": 3,
        "Line 30": 1,
        "Line 137": 8,
        "Line 255": 1,
        "Line 37": 1,
        "Line 177": 1,
        "Line 42": 3,
        "Line 43": 5,
        "Line 188": 1,
        "Line 47": 3,
        "Line 232": 1,
        "Line 152": 1,
        "Line 187": 1,
        "Line 157": 1,
        "Line 189": 1,
        "Line 34": 2,
        "Line 7": 1,
        "Line 13": 2,
        "Line 148": 4,
        "Line 164": 1,
        "Line 33": 2,
        "Line 218": 1,
        "Line 8": 1,
        "Line 205": 1,
        "Line 40": 1,
        "Line 10": 1,
        "Line 32": 2,
        "Line 154": 1,
        "Line 184": 1,
        "Line 211": 1,
        "Line 183": 1,
        "Line 171": 1
      }
    },
    "semantic": {
      "compiling_samples": 2338,
      "errors": 2252,
      "produces_output": 86,
      "error_rate": 96.32164242942686,
      "output_rate": 3.6783575705731395,
      "tests_passed_total": 437,
      "tests_total": 5761,
      "test_pass_rate": 7.585488630446104
    },
    "security": {
      "issues_count": 22,
      "issue_rate": 0.4603473530027202,
      "by_severity": {
        "low": 22
      }
    }
  },
  "starcoder2": {
    "total_samples": 4778,