{
  "starcoder2": {
    "total_samples": 7408,
    "compilation": {
      "errors": 5530,
      "error_rate": 74.64902807775377,
      "success_rate": 25.350971922246217
    },
    "semantic": {
      "errors": 1869,
      "error_rate": 99.52076677316293,
      "compiling_samples": 1878
    },
    "security": {
      "issues_count": 36,
      "issue_rate": 0.48596112311015116,
      "high_severity": 0,
      "medium_severity": 1
    }
  },
  "codellama": {
    "total_samples": 7408,
    "compilation": {
      "errors": 3692,
      "error_rate": 49.83801295896328,
      "success_rate": 50.16198704103672
    },
    "semantic": {
      "errors": 3628,
      "error_rate": 97.6318622174381,
      "compiling_samples": 3716
    },
    "security": {
      "issues_count": 48,
      "issue_rate": 0.6479481641468683,
      "high_severity": 1,
      "medium_severity": 2
    }
  },
  "deepseek": {
    "total_samples": 7408,
    "compilation": {
      "errors": 1476,
      "error_rate": 19.9244060475162,
      "success_rate": 80.0755939524838
    },
    "semantic": {
      "errors": 5570,
      "error_rate": 93.89750505731625,
      "compiling_samples": 5932
    },
    "security": {
      "issues_count": 252,
      "issue_rate": 3.4017278617710582,
      "high_severity": 0,
      "medium_severity": 3
    }
  }
}